{
    "东城": [113.781803, 23.018795],
    "莞城": [113.751333, 23.055512],
    "虎门": [113.671419, 22.829733],
    "长安": [113.751333, 22.80255],
    "厚街": [113.695137, 22.928664],
    "南城": [113.722012, 22.991651],
    "寮步": [113.843613, 23.012407],
    "塘厦": [114.073799, 22.815639],
    "常平": [114.019622, 22.982357],
    "凤岗": [114.156073, 22.743368],
    "清溪": [114.172171, 22.858509],
    "大朗": [113.93999129407, 22.927227],
    "万江": [113.697865, 23.057108],
    "大岭山": [113.800775, 22.921782],
    "沙田": [113.590931, 22.902194],
    "石碣": [113.784451, 23.124556],
    "横沥": [113.972863, 23.045418],
    "黄江": [113.97169, 22.873877],
    "松山湖": [113.864765, 22.922434],
    "樟木头": [114.092257, 22.930422],
    "企石": [114.053139, 23.077823],
    "麻涌": [113.551772, 23.044478],
    "茶山": [113.868136, 23.073522],
    "中堂": [113.655897, 23.110833],
    "高埗": [113.728911, 23.116046],
    "桥头": [114.078459, 23.027842],
    "东坑": [113.930131, 23.009216],
    "道滘": [113.646123, 23.002296],
    "石排": [113.939558, 23.106017],
    "谢岗": [114.177422, 22.978865],
    "石龙": [113.847692, 23.117342],
    "望牛墩": [113.614851, 23.056576],
    "洪梅": [113.593806, 22.989521]
}